blue.png;child-1.png;female-1.png;female-2.png;female-3.png;female-4.jpg;female-5.jpg;male-1.png;male-2.png;male-3.png;male-4.jpg;male-5.jpg;male-6.jpg;male-7.jpg;rock-1.jpg;rock-2.jpg;sky-1.jpg;sky-2.jpg;tree-1.png;tree-2.jpg;
230;231;279;228;477;408;451;229;225;228;302;289;283;269;283;538;368;490;458;345;
223;232;225;228;476;419;452;227;225;231;307;287;278;270;279;540;379;497;458;357;
223;239;226;228;492;399;449;223;239;225;303;287;278;278;277;540;412;490;458;363;
235;233;226;237;474;399;453;225;225;225;302;286;280;270;278;531;517;493;455;365;
231;227;226;235;483;405;448;224;225;227;306;286;278;272;283;528;381;488;462;360;
229;227;230;233;476;397;447;226;225;226;304;358;277;271;286;534;380;509;454;359;
244;232;242;251;479;409;471;227;242;241;317;309;296;284;295;544;372;511;485;356;
240;226;280;240;500;422;469;237;240;241;317;303;294;283;296;566;373;512;474;341;
235;226;245;246;507;420;473;234;238;237;317;310;291;284;292;583;373;509;480;346;
239;227;243;240;503;426;473;237;239;236;317;304;290;284;292;569;360;510;478;350;
237;249;241;242;501;422;472;241;251;244;317;300;292;281;290;570;364;511;480;344;
247;239;238;241;502;423;472;235;244;236;317;303;292;285;292;580;361;528;484;351;
250;238;243;246;530;418;473;236;241;237;321;304;292;286;298;562;359;515;478;346;
241;238;305;244;505;420;471;235;239;239;318;299;291;281;295;573;367;530;470;343;
248;247;238;244;505;424;480;235;239;242;322;302;292;280;292;566;379;510;477;340;
242;240;243;241;502;422;475;237;246;237;329;298;291;282;297;568;372;525;485;355;
243;240;238;243;505;425;478;237;237;235;317;310;291;286;299;564;379;514;482;372;
243;241;245;242;498;421;476;237;236;242;327;300;293;281;295;576;372;514;480;363;
241;241;239;243;510;426;478;235;243;237;321;304;292;281;299;591;377;514;479;363;
244;245;261;243;500;419;561;236;236;236;319;301;291;286;293;566;382;520;478;366;
248;240;249;242;505;422;476;239;238;235;321;302;291;283;291;562;373;510;477;374;
243;239;242;247;509;425;473;236;237;237;317;303;293;283;292;562;374;522;479;365;
241;241;243;251;510;419;474;235;235;237;319;304;294;281;295;565;373;517;483;364;
240;241;248;247;506;430;481;235;239;239;326;299;291;284;292;581;377;515;486;386;
249;241;245;241;504;421;478;236;239;233;320;300;291;282;301;570;375;519;478;361;
251;241;271;239;503;423;472;236;237;241;319;306;293;280;298;563;393;516;479;360;
244;239;300;246;504;422;475;234;236;237;319;303;292;280;295;564;437;514;479;360;
239;245;245;251;503;427;470;235;242;244;320;300;301;281;308;567;377;515;480;360;
246;243;261;247;503;431;475;236;239;238;320;301;294;279;295;578;379;514;477;359;
239;241;239;249;504;422;473;235;236;239;321;304;294;282;299;563;395;521;478;363;
242;241;239;243;502;428;478;236;237;239;320;300;296;281;292;560;376;517;478;368;
244;241;244;248;500;420;477;242;238;237;318;304;292;294;301;567;375;517;477;382;
249;241;362;243;501;420;472;237;238;239;319;300;291;281;294;560;376;526;476;368;
241;242;239;264;506;420;481;239;234;239;322;300;292;280;294;561;373;513;488;363;
242;239;240;246;500;420;471;237;238;240;317;300;292;282;295;559;381;522;481;363;
245;246;246;249;501;422;478;240;237;240;318;308;294;278;304;571;376;514;480;365;
245;241;245;253;501;420;473;235;241;236;319;299;293;278;296;567;380;517;491;360;
244;241;239;261;504;431;476;238;236;236;320;301;300;287;294;559;376;519;483;360;
239;241;242;242;501;425;470;239;237;237;320;301;303;279;294;560;375;526;485;358;
237;249;259;246;502;423;475;249;237;237;331;308;294;278;294;563;379;526;485;358;
239;241;306;245;510;421;470;238;241;235;319;300;293;280;295;560;378;520;483;359;
236;242;243;258;508;423;481;241;236;236;319;303;295;280;292;560;379;513;480;358;
239;241;239;256;503;428;475;241;238;236;320;301;293;279;301;570;392;526;487;366;
242;248;250;253;505;427;473;240;237;234;325;302;292;282;295;568;379;521;487;361;
248;250;247;246;500;550;471;241;242;238;320;304;299;279;296;568;382;520;486;367;
248;244;246;248;502;470;478;238;236;236;319;304;296;280;296;564;375;517;484;364;
237;241;242;241;500;437;476;239;237;238;321;302;294;278;294;572;376;531;479;383;
239;239;246;253;501;427;475;241;235;238;319;300;297;280;295;560;375;520;483;365;
235;242;245;242;508;425;475;249;244;239;322;301;294;279;293;564;379;521;479;371;
244;245;348;247;504;423;490;244;240;236;318;305;292;281;294;559;373;521;481;360;
236;248;248;243;501;421;484;243;239;267;316;300;293;282;294;560;381;522;481;361;
235;245;242;243;502;429;493;238;234;239;318;301;298;295;296;570;388;533;480;367;
238;250;314;240;507;420;479;243;241;243;321;305;293;290;292;574;375;514;479;362;
255;248;239;242;501;429;482;237;237;237;319;300;291;282;293;571;381;515;490;360;
238;243;249;250;508;421;481;236;237;237;317;303;298;283;291;564;372;520;485;361;
238;245;242;241;586;426;482;237;235;237;319;298;295;283;301;567;379;517;498;359;
235;245;251;241;626;436;476;243;237;245;319;301;295;283;293;563;372;512;496;361;
280;250;245;244;516;419;478;238;239;238;318;300;293;284;293;560;372;522;488;361;
240;249;251;241;502;432;490;240;236;240;322;302;295;289;298;570;373;514;483;376;
237;242;246;243;502;423;478;237;236;244;333;301;293;286;293;566;376;514;488;363;
238;250;245;242;503;431;479;237;237;239;325;301;294;283;305;564;373;513;503;362;
244;251;245;252;509;428;473;237;244;239;323;319;293;284;293;568;383;512;490;359;
237;244;250;246;508;421;489;236;234;239;328;312;294;288;292;565;375;511;478;361;
241;250;239;246;503;421;474;237;235;237;325;302;293;281;293;578;375;512;477;367;
244;249;264;243;502;419;482;237;236;239;321;302;296;285;291;560;376;511;487;368;
239;245;246;248;513;439;479;236;244;241;318;301;294;287;293;560;375;520;481;359;
238;242;238;242;507;421;482;243;238;239;318;301;292;288;297;568;380;511;483;360;
240;239;240;243;512;422;475;235;238;243;328;302;294;280;295;573;374;522;480;359;
239;246;241;244;503;424;481;236;239;245;321;313;295;284;299;574;379;515;480;361;
239;243;239;248;508;422;479;246;241;238;320;304;291;304;295;571;375;517;489;357;
236;241;239;246;509;429;481;239;238;240;320;299;291;281;293;567;377;528;480;358;
236;242;269;242;508;422;481;241;237;239;325;300;301;282;293;567;382;514;483;368;
235;243;242;242;508;425;476;238;235;238;321;309;294;282;294;563;376;514;480;364;
239;242;240;241;526;419;480;237;237;238;323;302;292;282;295;568;380;517;480;362;
242;242;238;245;504;426;475;239;236;238;321;308;293;281;293;563;376;514;486;362;
238;242;272;248;514;424;481;242;237;241;320;303;296;285;296;571;376;515;479;359;
235;247;255;240;504;421;474;237;236;239;327;301;291;284;292;563;376;514;481;370;
238;242;242;247;507;430;476;238;239;239;329;299;292;279;291;575;382;516;484;357;
244;242;241;246;501;421;477;240;255;236;323;301;292;281;294;577;386;512;496;359;
236;242;271;241;506;421;481;237;238;238;323;303;293;286;302;564;382;523;483;356;
240;242;252;244;506;423;473;237;236;240;324;300;298;289;293;584;373;515;479;357;
237;244;251;240;504;420;473;237;238;239;320;303;304;282;294;564;385;513;477;359;
238;241;241;247;508;430;474;239;240;236;319;309;295;282;294;574;381;518;488;358;
239;241;243;254;499;422;483;240;236;236;323;300;299;284;293;576;381;515;480;357;
237;242;241;243;507;434;476;237;236;239;320;301;302;280;295;563;375;516;477;359;
237;241;243;245;501;426;509;236;238;245;323;303;300;281;298;564;376;516;476;368;
245;242;241;249;509;422;486;237;242;241;318;299;299;282;295;566;377;512;477;369;
236;241;244;243;512;424;482;238;235;238;318;298;293;288;293;561;379;511;487;362;
237;239;243;244;511;430;480;237;238;240;320;306;306;283;291;570;380;528;480;361;
240;253;238;246;505;428;485;239;239;238;326;300;313;284;303;565;377;529;479;360;
331;244;238;243;504;423;479;236;242;239;320;300;306;289;295;560;381;515;479;360;
374;241;245;244;504;428;487;243;245;239;319;300;300;286;293;561;380;516;491;360;
337;244;253;243;514;423;482;238;247;241;325;305;293;281;292;559;388;521;484;368;
271;247;242;241;502;428;482;240;238;238;325;303;292;287;308;561;391;515;481;361;
243;242;248;247;503;424;484;242;238;238;321;307;292;285;292;560;393;519;480;367;
242;241;252;251;503;422;475;238;239;238;325;313;293;281;294;572;383;515;484;362;
240;242;243;242;503;422;478;240;239;238;320;305;293;285;296;570;380;515;480;361;
248;246;240;248;506;421;480;237;238;239;320;307;292;283;293;573;376;515;482;361;
253;241;238;248;506;420;476;239;236;238;322;311;302;280;295;595;376;522;479;365;
239;242;367;246;510;419;477;236;238;239;321;304;294;282;301;568;375;515;486;360;
242;242;239;248;499;423;476;239;238;242;318;310;296;293;302;575;376;523;479;361;
244;242;239;241;509;421;471;235;236;238;318;308;295;291;295;574;378;531;479;369;
240;241;238;242;504;420;480;241;240;237;319;313;294;289;297;580;382;534;479;367;
240;241;247;248;503;423;484;235;239;239;318;310;297;284;293;572;386;532;493;367;
239;241;266;240;503;421;486;237;238;238;318;324;294;300;292;561;389;533;480;378;
240;251;239;246;500;428;474;238;234;242;320;320;295;281;293;572;384;517;485;375;
238;240;239;245;499;423;476;236;238;243;318;305;296;281;301;564;381;546;479;389;
237;241;251;251;510;428;475;237;239;235;318;311;293;285;292;564;374;529;480;363;
246;241;239;239;501;425;475;239;237;236;321;308;298;291;293;565;605;540;477;360;
239;243;239;244;509;419;474;236;238;242;320;304;295;283;292;569;540;526;476;360;
237;246;238;250;501;429;477;236;239;243;326;304;295;285;292;570;376;515;477;364;
239;242;249;248;504;421;471;238;242;236;320;306;292;283;296;563;372;513;477;359;
238;242;254;242;501;423;485;236;236;238;320;304;295;286;297;564;376;518;489;363;
239;245;301;241;503;422;478;239;237;240;320;308;293;285;297;565;381;514;482;359;
238;247;313;251;502;427;478;237;246;244;320;303;293;288;295;568;376;516;482;363;
239;243;439;246;501;423;473;244;239;242;317;302;293;283;294;580;375;516;480;358;
237;243;246;242;502;419;477;237;238;238;317;300;294;283;295;562;378;515;481;358;
238;244;242;244;511;429;477;242;238;247;324;353;295;287;294;560;376;517;476;360;
251;242;255;245;511;424;488;239;238;240;317;306;292;283;295;558;375;518;478;369;
240;243;250;248;507;425;490;236;236;251;318;301;303;282;297;564;374;524;476;361;
238;242;436;246;514;425;482;237;238;240;326;306;352;282;293;559;377;516;486;360;
239;242;357;244;520;424;482;242;238;241;318;313;291;283;292;572;378;520;482;360;
254;244;348;243;516;434;481;240;247;241;318;302;298;284;292;563;377;516;486;361;
239;242;295;241;502;429;554;238;234;244;325;307;294;283;302;563;599;523;491;361;
242;241;251;244;517;451;489;236;240;243;320;303;294;283;294;561;603;523;486;361;
240;240;247;247;506;424;500;240;236;241;319;311;300;287;294;582;600;519;497;358;
243;245;287;243;509;423;489;237;233;240;319;304;293;281;295;573;384;518;479;358;
242;242;243;252;501;423;648;237;235;245;319;304;293;281;306;575;384;532;484;368;
244;241;284;244;505;424;501;237;249;240;320;302;294;286;300;574;377;515;484;370;
245;239;274;249;501;428;479;239;237;237;318;303;295;290;301;573;379;515;484;366;
243;248;240;246;511;424;477;239;235;240;318;301;290;283;297;589;377;511;486;364;
238;241;241;244;507;438;474;239;238;247;318;307;293;284;298;565;392;512;487;361;
237;242;250;247;506;424;473;239;237;237;325;302;300;286;298;581;379;514;480;360;
245;241;246;244;503;430;477;237;236;239;323;303;293;281;301;567;374;519;483;361;
246;249;242;244;501;421;473;240;238;242;319;307;296;283;292;564;375;513;485;365;
240;245;282;258;501;429;475;245;245;242;321;301;292;283;293;571;374;525;481;362;
238;247;248;247;504;425;472;238;237;238;322;303;295;281;291;565;374;515;480;369;
238;250;240;246;501;428;480;237;235;238;319;303;293;282;298;571;380;515;480;359;
239;243;240;249;501;425;473;240;236;245;320;299;293;282;294;566;375;517;479;370;
241;241;240;246;502;422;483;239;237;240;323;302;296;285;298;564;373;512;484;364;
238;243;287;254;510;428;474;235;239;238;321;305;294;295;304;568;380;517;477;362;
238;241;266;244;506;425;480;238;257;236;320;304;293;282;300;563;373;514;487;368;
243;246;240;245;508;426;477;237;237;244;321;307;295;282;293;566;381;526;478;364;
246;242;240;250;503;436;476;238;236;238;317;309;292;289;295;570;380;515;485;361;
240;240;244;242;507;427;475;235;235;237;318;309;293;282;295;565;374;519;479;362;
243;240;239;253;499;435;485;237;244;238;332;302;292;284;293;565;382;518;484;369;
241;242;282;251;501;428;474;241;240;237;320;302;293;283;294;565;374;535;485;365;
248;242;250;252;500;428;481;236;240;238;326;302;292;282;301;565;378;515;491;369;
237;242;248;243;508;429;475;243;236;239;320;301;291;283;297;574;383;516;480;361;
239;241;244;243;505;429;487;238;254;238;320;303;300;285;294;566;374;515;486;362;
239;243;239;242;510;425;478;239;244;238;320;302;299;283;300;583;373;520;484;360;
244;243;241;254;500;425;481;237;235;239;321;302;292;282;294;564;383;514;483;359;
239;242;269;245;507;436;474;244;239;236;321;302;296;284;294;564;379;522;483;359;
238;243;246;241;505;426;480;239;241;238;321;305;298;282;298;564;376;518;478;365;
240;247;284;242;505;430;480;236;239;238;321;302;293;283;312;566;371;527;482;365;
244;243;245;240;503;423;476;236;235;239;319;301;295;281;296;571;392;516;489;361;
240;258;243;241;502;423;478;242;236;240;318;303;304;282;301;564;387;514;492;364;
242;246;238;243;502;429;477;241;246;240;324;304;302;289;299;565;389;514;485;365;
237;251;238;241;507;421;478;240;235;235;320;302;303;283;294;570;387;528;478;364;
246;244;242;243;501;440;473;236;238;243;319;307;293;283;295;569;375;519;487;360;
242;241;376;246;517;428;476;236;238;245;321;305;307;283;313;564;373;521;486;363;
238;240;243;250;502;440;473;245;238;236;318;304;296;288;295;564;371;516;485;362;
237;246;361;247;517;422;478;236;237;240;318;303;296;283;298;562;372;541;481;365;
239;243;258;244;504;425;472;238;239;239;317;307;295;287;293;569;372;529;478;363;
239;241;243;312;515;436;482;238;238;239;321;303;294;287;296;564;372;523;477;360;
238;247;242;258;503;425;476;238;237;238;325;301;292;282;294;569;372;530;476;369;
238;242;241;247;512;426;480;244;242;238;325;328;296;281;297;562;374;524;478;362;
243;257;248;260;507;423;473;237;239;239;330;304;295;282;296;587;384;525;477;360;
238;248;260;246;504;424;472;236;238;240;324;301;293;286;293;565;375;513;481;364;
237;245;241;249;506;421;471;235;236;237;330;305;293;282;291;564;377;516;477;365;
238;248;246;241;506;421;481;235;239;237;332;305;295;285;292;563;371;515;495;359;
237;249;244;250;504;435;474;237;238;240;324;303;293;287;295;567;373;520;478;370;
240;252;241;243;512;420;474;244;236;241;331;305;294;281;292;576;386;513;479;362;
237;251;242;241;504;430;474;237;238;243;368;305;304;285;300;571;378;519;479;360;
235;246;242;247;505;420;475;246;244;238;327;305;296;283;299;567;387;512;485;360;
237;255;281;252;505;421;475;238;236;246;325;303;294;284;293;563;377;516;479;361;
243;250;244;242;507;421;478;235;234;239;326;307;301;282;293;574;374;511;485;362;
238;247;238;240;504;420;472;240;237;239;323;303;294;285;294;576;374;512;477;360;
238;247;240;239;507;432;472;237;249;238;321;302;293;301;294;567;377;517;497;358;
237;253;379;247;507;425;480;239;239;239;322;306;298;282;293;577;379;512;486;368;
244;247;270;243;502;423;471;238;236;238;342;311;294;281;295;574;375;513;486;369;
241;241;243;245;500;424;473;240;237;240;322;300;294;283;296;568;377;563;478;361;
237;256;300;244;500;430;471;240;240;238;332;303;294;282;293;567;384;513;485;366;
238;363;243;255;500;423;483;236;235;237;326;308;296;282;299;576;391;522;482;361;
241;378;454;248;506;423;474;251;235;244;322;302;294;284;293;570;389;514;478;363;
251;364;246;242;500;427;477;242;236;241;322;304;290;285;295;591;379;522;481;360;
239;260;244;248;772;422;479;240;244;238;322;309;292;280;294;573;374;516;481;362;
239;250;245;248;668;434;485;240;236;234;321;304;296;280;302;573;377;519;477;366;
240;246;239;245;524;422;482;238;236;238;320;298;291;281;295;577;379;521;483;365;
239;260;240;243;533;421;486;238;237;239;322;301;293;280;294;574;378;513;482;360;
240;244;251;242;522;424;477;242;237;235;321;310;297;281;296;569;376;520;481;366;
238;242;247;241;528;423;473;237;240;241;322;302;295;281;294;573;372;514;486;364;
240;244;239;253;511;431;476;239;239;243;322;308;294;286;293;570;373;521;527;360;
241;247;251;247;510;423;477;238;237;238;319;303;299;285;311;574;381;511;508;365;
240;245;242;241;503;443;487;238;233;240;323;303;296;281;298;572;373;520;507;361;
239;241;246;251;509;423;475;251;246;238;319;301;298;283;296;569;375;514;488;382;
238;246;240;245;502;425;481;239;237;239;318;303;292;285;293;569;374;514;491;370;
243;253;250;250;504;431;475;240;237;260;328;303;293;280;296;568;377;514;483;368;
239;244;245;240;506;423;478;238;235;248;320;300;294;281;294;567;375;516;512;367;
241;241;243;239;508;436;474;239;238;240;319;305;293;285;292;568;376;513;486;362;
240;243;239;240;504;443;479;238;237;242;320;300;294;287;292;579;381;534;489;361;
240;255;240;241;504;430;474;236;234;240;326;299;293;281;293;564;376;517;490;367;
239;247;263;241;507;443;475;237;237;240;320;304;291;286;293;585;374;514;494;362;
240;245;247;244;507;431;475;241;239;238;320;313;301;289;291;564;378;514;487;361;
239;249;238;248;503;446;474;239;237;241;319;303;295;287;299;563;374;519;507;361;
242;254;242;242;510;426;472;237;235;240;321;311;296;289;293;562;379;512;558;358;
241;243;244;241;506;451;472;235;236;238;320;305;295;286;291;563;376;512;479;358;
238;242;268;248;505;426;472;237;238;239;323;313;299;290;293;577;376;510;489;363;
238;245;256;247;509;430;482;235;237;239;321;314;295;287;299;564;375;511;502;365;
241;245;318;246;507;424;472;241;235;246;319;304;293;288;294;569;378;511;502;368;
252;244;249;240;507;430;476;237;237;242;321;305;298;288;292;562;388;514;488;365;
276;242;248;241;503;425;475;236;235;239;321;303;293;288;390;564;373;510;478;363;
240;241;245;250;505;420;481;233;247;237;316;305;294;290;348;570;386;525;476;360;
239;243;239;249;503;426;474;240;241;247;330;308;292;299;300;558;376;514;490;360;
242;250;248;245;502;421;478;237;238;243;320;302;301;282;295;571;374;528;498;359;
237;244;245;251;506;449;475;237;236;238;319;305;293;282;293;565;375;519;479;361;
240;244;240;247;503;539;486;237;240;243;322;307;293;283;294;563;376;520;482;361;
242;246;244;241;507;425;486;238;237;238;318;301;299;282;296;565;383;517;478;360;
242;249;243;240;513;422;484;240;237;238;318;301;297;282;293;565;372;529;481;362;
237;244;262;241;509;434;481;235;237;239;327;300;318;283;293;575;374;546;480;358;
237;244;239;241;507;423;482;239;240;236;322;304;307;282;292;565;382;523;476;363;
241;244;239;240;506;423;484;237;236;237;321;300;306;289;293;563;377;525;484;367;
246;247;247;243;508;423;479;237;235;236;319;303;300;282;294;565;374;515;480;360;
239;242;252;245;511;423;479;235;235;243;323;300;294;285;292;563;374;520;487;368;
239;243;244;256;507;433;475;244;242;239;320;301;294;284;294;561;376;511;487;373;
240;243;244;248;500;425;484;240;237;239;322;306;294;281;293;568;376;518;482;361;
248;243;243;245;501;423;473;243;235;238;319;312;293;337;293;563;372;512;477;361;
255;243;383;306;502;426;476;238;236;237;320;303;300;470;312;562;373;523;483;361;
301;242;244;306;503;420;473;240;238;237;317;304;293;434;298;561;377;513;479;359;
240;243;240;246;502;429;488;236;243;238;320;304;291;283;292;571;373;518;481;363;
242;249;254;242;503;419;476;234;234;245;318;303;298;283;292;579;371;520;490;379;
240;240;249;241;502;423;480;237;243;239;316;302;296;281;293;567;372;530;477;372;
238;241;245;248;501;425;475;237;236;237;323;309;292;295;291;565;372;521;477;361;
243;238;248;245;502;420;476;235;244;237;320;304;293;287;293;564;374;515;477;361;
245;241;245;244;515;426;471;238;236;239;320;302;291;281;306;565;372;515;476;365;
245;243;241;241;502;420;477;236;236;240;328;303;293;283;293;561;374;515;475;360;
246;240;238;252;505;420;474;239;236;242;322;308;290;282;293;572;387;515;490;359;
239;241;241;243;503;420;471;243;244;237;320;303;301;282;297;578;375;519;485;364;
248;249;238;239;516;424;473;238;238;239;328;303;295;284;297;559;371;531;489;361;
240;246;247;242;503;433;474;239;237;238;320;303;293;287;297;560;371;527;484;364;
244;244;239;246;506;421;476;238;237;243;319;303;292;287;295;561;373;511;482;360;
242;242;246;238;497;428;475;242;239;237;326;304;305;282;307;559;376;523;485;358;
250;242;238;240;509;423;482;238;237;239;323;302;294;283;297;561;372;515;482;358;
251;394;243;242;500;428;475;239;238;238;319;304;293;285;299;582;377;517;476;357;
242;242;357;244;509;420;474;235;236;238;324;301;294;289;295;570;387;514;486;356;
241;241;305;254;501;420;473;248;241;236;327;301;294;282;299;567;374;514;483;357;
244;247;412;241;509;420;474;239;236;237;319;310;293;284;298;566;376;521;478;362;
253;243;378;239;497;418;471;239;235;236;318;303;299;285;300;565;371;514;486;358;
239;244;553;247;513;420;473;235;236;236;318;302;290;281;303;566;373;520;483;367;
242;240;320;257;499;419;471;236;238;235;318;302;292;283;299;561;381;518;481;361;
240;276;246;240;511;419;484;235;237;236;317;302;294;284;299;572;374;535;488;368;
244;242;330;240;506;418;476;235;236;239;319;306;297;282;299;567;376;517;480;365;
238;242;265;240;757;423;481;237;235;246;318;302;291;283;294;565;375;520;487;371;
251;240;338;264;527;428;473;237;236;237;321;303;292;286;293;579;372;515;478;361;
252;244;250;240;512;420;477;235;250;240;324;299;300;283;300;585;380;517;478;363;
243;244;321;240;511;423;471;237;238;240;320;302;297;294;297;569;374;512;478;360;
244;240;251;238;505;418;473;237;237;242;319;305;293;283;294;574;374;515;479;362;
240;240;318;253;512;424;481;237;239;242;321;300;298;282;298;572;374;530;479;363;
245;246;262;242;511;428;481;235;238;240;317;301;293;281;322;567;372;514;479;362;
246;242;243;241;512;422;479;240;236;250;318;300;293;282;310;572;379;513;479;358;
238;241;243;239;509;425;486;236;236;239;317;300;293;286;291;567;375;512;479;359;
239;240;247;239;506;420;482;234;237;243;318;301;296;288;311;564;378;514;486;359;
248;243;291;240;501;428;477;236;237;238;318;301;294;281;295;568;404;514;486;359;
241;241;245;240;499;418;490;242;238;289;337;300;296;283;297;563;380;512;502;369;
240;241;241;243;500;422;476;237;237;239;324;301;296;286;300;573;385;513;495;364;
239;243;249;241;502;423;478;244;235;240;323;305;293;281;295;562;381;512;487;363;
240;242;251;248;498;418;476;252;239;238;328;300;292;285;294;568;378;523;489;360;
244;241;305;238;499;434;479;243;238;240;329;300;293;291;302;573;382;516;489;364;
240;240;291;239;514;420;476;241;236;237;326;300;300;283;295;566;375;517;480;362;
241;240;279;244;502;423;476;238;236;237;337;307;293;281;297;574;375;515;482;361;
240;245;244;250;501;422;475;238;236;237;328;303;297;282;299;568;382;523;480;365;
240;247;243;237;501;420;474;238;244;237;331;307;297;289;296;580;374;517;493;362;
238;240;240;241;509;421;475;242;236;240;326;304;295;284;296;567;377;516;490;358;
239;241;246;258;505;419;476;237;235;237;324;303;291;281;297;574;381;516;490;364;
239;239;279;242;501;425;473;237;235;237;323;302;294;285;295;564;380;515;480;365;
244;247;239;240;502;424;499;238;244;242;329;302;295;284;293;564;382;518;622;363;
238;240;242;241;507;503;477;237;236;240;326;303;293;283;294;568;373;534;725;381;
239;239;246;243;501;435;482;238;235;247;321;300;294;280;295;565;377;515;482;513;
239;241;239;241;506;425;475;239;236;237;326;302;299;281;294;565;382;514;479;370;
238;258;275;241;528;425;479;236;249;239;325;309;291;285;296;561;376;517;479;379;
244;244;343;242;501;425;475;237;236;239;322;301;295;282;295;571;376;514;481;382;
238;242;263;246;510;430;483;247;237;237;326;302;297;288;292;567;375;524;478;364;
238;241;242;240;498;419;471;238;237;238;322;305;290;283;293;566;376;515;478;362;
239;244;246;239;509;421;480;242;236;238;319;300;293;288;292;563;377;518;493;369;
243;242;248;243;503;421;472;245;240;239;325;301;294;282;303;563;373;513;490;367;
236;242;239;248;511;419;472;237;244;237;327;300;305;286;295;564;375;516;488;372;
240;244;242;249;501;421;472;237;240;240;320;309;296;293;294;565;386;512;478;373;
241;247;236;248;510;422;470;242;242;240;321;302;295;284;294;570;377;522;488;369;
239;245;382;244;501;419;487;238;241;239;330;303;295;284;299;568;399;514;477;368;
238;243;244;244;511;418;477;236;240;238;321;303;295;284;293;581;374;519;479;377;
238;243;238;256;501;419;481;238;241;240;319;300;294;287;291;568;379;511;479;555;
240;245;240;242;506;421;477;238;239;238;324;301;298;297;293;567;381;520;496;366;
243;242;246;243;504;419;490;238;241;239;318;300;297;282;307;569;374;532;484;400;
236;241;259;242;498;431;479;240;244;238;319;300;291;288;292;574;374;536;486;369;
237;242;241;240;497;419;483;235;242;240;341;300;293;282;300;567;376;524;487;371;
240;248;238;240;500;427;477;243;238;240;320;301;297;283;300;568;371;559;496;363;
241;241;240;239;503;422;481;236;245;242;318;309;291;282;294;578;373;532;488;367;
238;241;237;245;508;419;476;236;242;242;319;302;293;283;294;573;371;535;489;365;
238;241;239;251;499;431;483;237;239;239;321;312;293;281;299;565;373;528;479;366;
237;243;241;249;503;423;476;240;246;239;316;305;292;281;293;569;372;565;482;369;
283;245;256;242;498;424;488;237;240;241;320;302;295;281;296;565;371;538;477;367;
240;240;247;242;501;421;476;235;237;239;322;306;290;282;303;578;377;531;485;368;
237;242;243;302;496;423;476;249;237;241;321;302;329;281;295;576;372;516;479;373;
236;242;239;321;505;420;473;236;241;236;328;301;301;280;294;591;373;511;490;363;
251;243;239;256;501;418;481;236;244;240;322;303;299;289;303;576;374;556;486;364;
250;241;235;254;499;427;474;236;236;237;320;302;299;282;294;578;373;512;480;367;
238;247;364;246;504;420;478;237;238;241;324;304;296;285;295;596;379;548;480;361;
238;241;316;241;501;427;480;236;238;238;320;301;299;285;294;572;380;530;484;368;
240;244;246;243;508;418;471;244;241;238;320;301;297;280;301;569;373;528;482;379;
239;246;243;245;505;422;482;239;238;238;321;300;293;282;294;572;375;530;481;365;
238;243;237;239;503;419;475;238;238;237;321;300;294;280;293;567;378;551;484;365;
240;244;239;256;507;421;475;238;236;245;321;301;295;280;298;565;377;521;487;362;
240;249;246;242;503;418;473;236;240;237;324;316;300;281;295;567;400;519;482;358;
239;242;244;247;505;418;487;239;242;243;329;308;293;281;294;569;375;564;485;369;
239;242;238;241;498;428;475;238;237;237;324;306;294;289;295;565;392;527;489;362;
240;240;240;239;511;420;479;237;238;240;324;305;303;282;299;566;374;566;479;366;
242;269;244;240;538;421;475;241;238;237;322;309;297;287;292;577;374;514;485;364;
243;241;238;240;509;430;477;245;245;238;320;305;299;290;292;564;383;520;481;365;
239;242;244;243;515;422;477;243;237;236;320;301;294;288;292;564;380;511;487;369;
238;243;238;240;500;422;474;245;235;247;323;303;299;285;291;574;373;514;480;364;
245;245;241;239;507;423;474;256;238;239;316;300;293;288;292;570;373;509;483;370;
243;258;256;239;514;424;481;267;245;238;319;309;293;292;298;568;372;519;480;362;
236;265;238;243;505;422;471;247;238;239;325;301;308;288;305;573;373;510;486;361;
244;247;237;243;507;422;483;246;237;240;318;303;294;285;295;581;374;517;481;365;
238;408;250;238;510;430;474;243;238;236;319;304;294;283;295;566;372;513;490;361;
243;282;245;238;517;423;482;239;240;243;333;304;294;289;295;566;374;520;480;363;
238;258;238;240;505;432;479;239;237;238;319;305;292;296;307;562;382;515;491;373;
236;247;237;241;504;423;479;238;239;237;319;304;293;286;300;565;379;519;485;362;
237;246;239;242;512;432;491;239;236;238;322;303;295;285;298;562;377;512;493;364;
242;246;237;238;503;422;487;242;243;235;320;307;292;282;294;565;374;521;486;365;
240;248;237;249;499;423;481;238;236;238;317;309;293;281;291;558;399;517;488;360;
237;243;239;252;498;424;477;238;238;238;333;307;298;280;292;571;376;522;477;362;
238;244;243;254;505;419;477;238;237;235;321;306;304;290;302;567;374;517;483;367;
239;253;238;243;508;426;473;238;239;238;320;303;294;282;293;568;376;527;479;367;
237;244;249;244;502;420;479;246;240;243;323;303;296;282;294;566;378;515;484;361;
237;252;239;244;504;421;473;239;236;237;318;311;298;283;297;566;375;516;478;361;
238;256;239;238;507;419;477;237;235;245;320;302;295;281;296;567;378;516;491;371;
237;245;240;240;506;426;471;245;239;242;330;310;293;293;291;566;377;518;482;360;
237;248;245;248;524;430;478;241;249;239;323;302;295;284;291;563;375;518;485;364;
238;247;239;240;504;422;473;239;238;239;321;305;294;282;296;563;377;521;479;362;
235;251;244;238;504;426;475;242;237;239;322;303;294;282;292;577;387;519;485;359;
238;246;240;238;501;420;474;250;239;239;320;302;293;282;291;578;379;515;478;362;
244;241;240;240;502;420;483;240;241;240;320;305;307;288;302;564;375;524;482;360;
239;248;240;240;501;420;479;241;237;238;321;301;292;283;294;563;376;514;486;361;
239;243;239;239;501;419;476;236;236;241;319;304;293;283;293;565;378;522;480;360;
238;243;242;238;503;421;476;245;236;237;317;308;295;282;296;571;377;553;492;360;
240;247;239;240;502;420;477;237;246;239;316;301;290;282;293;567;375;516;476;364;
238;248;243;253;506;426;480;241;237;237;320;301;294;283;294;576;374;560;492;362;
238;248;240;240;503;421;484;236;236;246;319;305;298;283;291;571;375;519;479;366;
239;252;248;240;503;420;477;239;238;240;317;299;292;285;297;570;386;511;482;362;
238;245;241;238;501;420;479;238;240;240;319;303;293;281;311;571;384;523;480;362;
242;254;241;240;512;419;475;239;236;240;318;302;295;281;303;565;378;513;482;362;
238;241;240;242;503;432;475;238;235;240;318;301;300;280;305;571;379;557;478;370;
240;241;242;242;502;422;476;238;236;241;318;302;293;289;297;567;378;545;495;360;
242;242;238;242;502;423;471;238;237;237;318;300;294;282;298;574;380;532;483;366;
243;242;239;246;505;430;480;238;234;241;318;300;294;284;303;568;386;525;480;369;
238;248;240;241;503;429;472;236;237;239;321;302;300;285;294;563;375;534;482;360;
237;242;244;240;504;436;477;236;237;242;319;300;294;283;294;568;393;554;487;360;
238;243;239;247;506;430;471;238;244;240;317;309;291;286;294;580;379;530;479;359;
245;258;242;266;512;424;481;241;246;245;322;302;291;283;314;577;384;553;491;361;
239;243;236;242;512;422;472;236;238;239;322;303;291;286;295;579;380;520;481;364;
239;242;241;239;505;439;473;237;237;237;363;302;292;297;293;578;375;532;481;361;
245;241;239;238;515;425;471;242;240;237;327;303;293;281;297;564;376;558;479;361;
244;242;238;245;506;425;472;239;242;242;320;301;294;281;293;563;376;525;482;370;
238;243;237;239;512;431;470;239;237;238;318;300;292;284;293;565;379;560;479;361;
258;241;245;236;517;426;472;237;237;238;324;301;293;284;293;584;373;547;494;360;
244;240;239;236;509;428;471;245;236;239;321;300;296;283;294;568;391;515;480;371;
239;244;237;249;503;423;474;240;240;239;320;301;292;286;293;561;373;522;479;370;
238;310;239;244;518;423;470;237;238;237;320;310;293;280;296;567;381;525;479;361;
239;244;240;240;505;424;471;233;237;241;319;301;296;282;302;569;374;521;486;365;
266;243;243;241;507;424;485;249;238;236;321;306;291;281;294;565;379;539;479;368;
366;242;238;244;510;420;472;235;245;236;321;304;291;288;293;566;374;521;483;407;
269;247;237;247;507;422;480;241;238;237;336;301;292;279;294;566;374;528;479;367;
241;242;239;239;500;421;473;235;235;241;323;300;293;287;296;566;375;521;490;367;
357;242;242;239;509;421;479;238;238;239;325;301;291;282;292;564;374;535;490;365;
363;246;246;243;504;421;472;240;238;239;324;300;291;281;295;572;378;513;478;366;
300;250;247;242;506;431;486;241;238;237;321;298;292;282;295;584;380;570;489;373;
247;240;239;240;502;424;473;237;238;238;320;300;292;282;293;565;374;518;481;368;
246;243;252;239;503;423;474;238;238;244;323;300;291;290;294;564;374;560;479;372;
239;242;248;246;501;424;473;237;239;237;321;299;293;281;298;568;381;522;481;372;
239;246;241;245;500;426;477;237;236;238;320;300;294;286;295;562;382;515;494;368;
244;245;242;240;503;420;473;238;238;238;327;303;294;284;293;562;376;527;486;373;
238;241;255;239;517;423;480;239;239;246;322;315;295;282;294;567;373;520;483;372;
238;242;244;246;517;421;476;236;239;236;321;302;299;284;301;558;373;514;483;382;
237;246;243;238;515;424;477;241;239;239;323;302;295;283;294;569;374;514;489;368;
244;241;241;240;521;423;475;241;235;239;319;302;292;284;295;565;372;515;483;364;
238;241;244;238;563;422;479;289;236;239;318;302;300;281;300;560;372;511;488;363;
242;239;243;239;531;424;473;233;237;238;376;301;298;285;294;570;382;517;478;377;
238;261;239;243;519;427;475;239;241;241;367;300;293;290;295;568;374;511;489;365;
239;254;238;237;510;427;477;237;238;239;328;300;295;282;299;570;376;516;482;364;
237;245;244;239;516;422;476;235;237;241;321;301;300;284;293;572;376;523;506;392;
241;242;241;237;509;423;479;236;233;240;319;306;293;283;293;563;377;523;484;366;
238;255;239;241;511;426;472;245;241;244;319;305;293;282;307;566;397;517;490;362;
239;244;241;238;508;424;485;238;238;248;326;303;298;283;295;574;374;524;476;366;
246;242;255;240;511;426;474;237;236;250;320;303;291;284;293;564;375;519;488;367;
240;242;408;242;506;426;475;236;237;245;319;302;294;285;291;560;376;515;485;368;
237;244;242;242;515;425;471;237;241;244;323;302;294;286;301;564;378;513;502;368;
240;243;237;238;509;423;481;243;236;239;318;304;300;282;295;560;378;512;485;361;
240;242;248;238;512;421;486;243;236;241;324;302;293;294;293;572;375;511;487;366;
238;243;243;237;510;432;482;246;237;243;330;301;294;280;294;564;376;513;512;372;
239;252;245;247;508;426;481;238;238;252;321;306;294;282;296;567;375;528;518;366;
240;242;239;238;504;423;494;239;239;239;319;306;297;286;293;563;372;522;483;364;
246;243;242;240;511;423;475;236;235;240;326;303;293;281;294;565;372;511;487;361;
241;243;245;239;506;428;490;238;236;240;323;307;293;281;300;567;372;517;479;362;
241;288;244;242;509;422;483;236;236;240;319;304;293;282;294;568;373;512;480;371;
241;349;240;238;505;422;479;237;241;241;319;301;294;282;296;567;373;520;481;363;
241;242;245;238;508;453;475;238;235;241;325;303;293;291;300;564;371;510;511;360;
240;242;244;237;509;422;477;238;236;239;320;302;294;283;294;567;376;518;487;359;
240;247;245;241;503;427;473;237;236;238;320;301;291;284;293;565;382;534;486;365;
240;243;239;243;502;427;484;240;236;240;322;302;292;282;296;566;374;526;486;369;
245;242;246;240;501;421;475;239;236;239;320;301;299;283;300;577;376;548;504;367;
239;243;240;241;504;428;474;236;237;240;321;302;294;285;293;560;385;526;488;364;
240;243;240;239;501;422;477;236;236;239;325;304;294;283;292;567;383;512;488;373;
240;241;240;239;502;428;547;238;243;242;321;304;296;282;301;559;378;524;482;360;
242;242;248;241;502;422;520;241;239;243;320;303;303;282;293;561;378;513;479;365;
240;242;240;240;506;423;481;237;238;239;321;301;296;283;293;558;381;516;491;374;
240;249;240;237;513;426;474;236;237;237;320;302;293;283;301;561;380;512;483;368;
239;242;242;240;504;426;545;236;239;248;319;303;302;283;294;583;382;511;503;365;
241;239;245;242;504;425;507;239;240;240;325;303;298;284;296;571;399;513;484;361;
240;242;244;239;506;421;476;238;235;238;320;302;295;283;293;564;377;537;489;361;
239;245;241;237;506;423;597;236;235;242;319;306;295;288;295;565;385;518;486;366;
239;242;247;245;506;419;486;236;238;240;325;304;306;282;294;568;384;523;490;358;
245;244;246;239;505;431;472;236;248;240;322;298;302;283;293;562;380;528;485;368;
241;243;244;239;512;429;500;236;240;238;320;305;293;281;300;565;376;516;484;361;
240;247;246;237;509;424;473;237;244;239;333;314;314;287;293;563;379;517;482;359;
239;242;246;242;507;424;477;245;241;243;319;310;298;283;296;572;375;511;486;364;
239;241;244;239;513;419;469;241;250;238;320;305;296;284;309;570;374;524;479;363;
243;241;245;236;516;421;471;240;242;237;328;305;304;283;294;571;375;559;481;362;
242;241;240;238;518;424;470;239;237;239;322;309;305;283;293;577;375;532;477;363;
240;242;242;239;505;423;509;243;242;238;320;315;302;285;291;559;379;511;487;360;
240;242;263;242;505;433;468;238;241;236;324;316;315;284;303;570;370;528;479;364;
240;242;252;236;500;427;470;246;237;238;317;315;300;285;294;564;374;515;482;359;
246;248;248;238;507;428;480;237;237;238;320;304;303;286;294;562;377;522;479;359;
239;241;250;239;500;427;477;238;237;237;319;320;295;294;337;568;373;532;481;360;
241;241;241;244;508;444;480;239;237;241;322;305;308;286;456;566;372;519;479;381;
248;242;249;243;500;438;469;238;238;238;318;308;293;282;427;568;381;513;489;362;
242;241;244;244;503;425;603;238;237;245;318;311;293;285;306;564;377;513;479;368;
240;250;250;245;503;432;470;241;238;239;322;302;301;287;294;563;377;523;487;361;
238;244;244;266;501;426;477;236;239;239;319;303;295;294;294;562;371;528;498;364;
258;244;247;248;501;450;488;237;239;240;318;304;295;285;303;570;374;557;494;370;
327;247;244;253;501;429;470;243;235;245;320;303;300;285;294;564;388;585;497;367;
240;240;255;243;503;433;471;240;237;237;318;302;297;290;295;567;378;550;492;368;
239;240;241;243;503;420;477;238;237;244;320;307;295;283;301;570;377;611;482;366;
241;240;256;239;500;422;479;243;237;241;347;306;294;282;292;565;390;522;485;365;
238;240;251;248;506;421;471;241;236;239;320;303;476;281;292;564;390;527;477;362;
242;383;243;244;504;420;471;240;236;237;320;302;484;282;295;577;383;533;484;374;
239;269;245;248;513;427;475;249;235;240;319;303;326;282;295;560;375;516;481;363;
239;241;252;256;509;423;469;247;247;239;321;304;294;282;293;558;380;519;476;376;
248;246;240;245;507;423;476;236;238;240;321;300;294;282;293;561;379;523;478;365;
241;241;240;239;522;422;468;239;236;238;329;307;301;281;297;572;380;543;500;366;
302;244;239;253;513;421;477;237;237;240;324;309;296;287;292;574;375;538;482;364;
261;241;239;247;509;430;474;242;239;241;321;310;297;281;293;577;375;542;476;363;
242;244;238;238;506;423;474;238;236;237;329;304;297;290;293;576;375;520;489;364;
243;258;240;240;511;426;474;237;237;243;322;301;296;283;293;569;375;521;480;369;
240;248;239;240;513;422;471;242;238;237;321;303;291;285;294;570;374;521;481;365;
241;242;243;245;507;429;471;237;241;239;328;305;295;287;293;562;378;512;476;367;
239;252;240;240;530;424;469;241;237;237;319;302;305;283;294;565;375;517;487;367;
239;327;250;239;508;420;475;239;237;238;319;310;293;283;295;563;375;512;476;364;
240;246;246;245;502;430;470;240;236;240;324;301;293;283;293;570;375;526;481;368;
243;245;252;239;503;421;470;245;236;240;320;304;298;283;308;563;373;556;476;363;
241;252;244;236;502;434;471;245;239;241;319;304;291;290;303;575;380;540;486;363;
238;241;241;239;500;428;474;240;235;249;327;301;292;285;293;567;379;516;478;364;
239;248;244;248;509;423;469;240;238;241;321;310;292;288;295;574;375;518;487;361;
239;246;248;239;502;428;489;240;235;239;319;301;298;283;302;558;374;511;481;367;
245;260;243;239;503;422;473;244;244;240;322;308;293;289;294;564;377;518;482;362;
238;243;245;242;500;424;474;248;238;241;320;303;294;286;294;570;373;515;491;374;
238;245;243;239;509;420;480;238;239;239;319;305;297;284;303;563;380;559;485;361;
244;249;242;236;505;420;497;245;237;244;318;302;292;286;294;574;375;529;483;364;
247;268;241;244;503;420;489;250;245;239;321;304;294;283;294;569;376;524;502;374;
240;252;240;240;503;420;485;242;237;237;320;311;298;297;295;564;376;517;480;369;
238;249;237;239;502;430;477;242;237;238;319;302;294;281;294;567;390;515;484;365;
244;251;243;241;513;422;488;242;237;241;324;301;293;286;294;564;375;517;484;369;
241;252;242;241;510;422;476;240;238;240;319;302;294;281;295;564;373;556;479;364;
239;246;243;239;511;422;510;237;237;242;318;301;297;290;296;563;375;554;478;363;
240;241;241;241;509;423;487;240;236;237;318;303;291;284;295;572;374;522;477;372;
241;243;241;243;511;423;482;238;236;244;320;301;291;285;295;562;373;520;479;374;
249;242;242;240;507;426;482;238;240;240;321;300;292;285;297;565;380;529;477;366;
239;277;241;241;515;428;476;241;237;236;335;305;292;283;293;580;377;536;480;376;
238;251;241;238;508;430;477;238;235;238;321;301;293;288;293;582;373;528;477;366;
240;250;241;245;505;428;474;239;235;238;324;302;292;283;299;590;372;525;488;370;
240;270;242;241;499;422;486;239;236;238;335;304;295;283;300;580;382;516;479;378;
241;252;246;239;509;423;476;237;236;236;345;300;295;283;297;570;379;519;500;365;
239;245;239;240;509;428;474;238;234;238;323;304;297;284;294;574;376;511;479;367;
239;246;243;252;520;424;477;239;236;237;354;302;300;283;303;566;374;522;489;363;
247;243;244;240;504;423;477;242;235;239;335;300;297;284;296;571;375;522;479;360;
240;243;241;238;509;421;472;239;238;239;322;299;295;284;295;563;378;525;485;365;
239;242;242;239;510;420;484;240;236;238;327;300;292;283;296;566;374;521;476;362;
240;242;244;244;509;419;475;238;237;237;321;299;293;284;297;560;375;525;486;362;
238;248;243;240;506;421;475;238;236;254;321;302;293;280;294;582;379;516;479;369;
240;245;244;240;502;421;472;243;256;238;327;301;296;281;295;569;374;565;480;367;
240;241;239;239;502;419;477;238;238;249;327;308;300;290;304;573;377;558;480;362;
239;251;246;243;498;420;474;242;239;240;322;305;291;282;295;569;372;551;485;363;
238;273;247;247;499;422;474;241;237;238;326;306;291;287;307;575;373;531;480;362;
240;249;242;238;498;434;473;241;240;238;325;307;302;287;305;572;378;513;483;359;
240;249;246;238;499;429;476;238;241;238;322;303;297;284;293;572;372;542;478;361;
240;243;241;243;500;422;472;237;237;237;324;309;294;289;297;574;377;516;480;363;
240;244;247;239;508;424;474;241;238;239;319;302;299;284;300;577;387;588;475;368;
240;243;240;238;511;420;482;241;239;239;318;308;336;282;293;576;377;532;480;374;
292;241;248;237;508;419;475;237;237;238;329;307;302;283;293;568;380;524;475;364;
242;243;239;237;507;420;478;238;236;237;323;304;297;283;293;562;375;552;479;362;
246;243;243;238;507;420;476;238;235;242;320;312;298;283;300;564;377;531;485;362;
241;246;244;238;508;422;488;239;241;246;319;308;299;283;293;560;377;532;487;364;
253;241;238;240;504;425;473;237;238;238;322;320;294;283;293;565;374;522;480;362;
240;240;241;237;510;429;479;238;236;247;319;307;298;286;302;560;372;567;480;363;
242;245;246;253;500;422;472;243;236;239;317;300;294;282;295;579;378;547;478;364;
254;250;237;240;514;422;481;238;237;240;328;301;292;295;295;565;372;526;477;360;
284;241;237;241;502;423;472;238;245;238;320;301;296;281;294;562;373;511;481;360;
244;240;239;238;503;423;483;238;237;243;318;299;298;280;296;565;370;524;489;358;
246;241;242;242;499;422;473;245;239;239;321;299;292;288;296;580;378;512;484;366;
247;241;240;241;509;420;474;246;239;244;319;299;290;283;294;589;373;517;477;359;
244;242;242;239;500;437;476;240;244;238;320;300;293;282;303;600;374;521;480;359;
248;241;244;238;507;434;479;239;237;241;320;300;290;282;296;563;372;515;475;357;
240;253;239;241;505;435;475;238;238;237;319;301;292;281;294;570;372;511;494;362;
245;301;243;243;511;437;486;237;239;241;320;309;300;287;297;566;373;530;493;362;
238;242;249;238;534;421;476;237;240;236;324;309;301;282;295;583;382;523;481;359;
237;241;251;240;522;431;487;239;237;243;371;316;292;281;292;563;374;525;480;358;
243;243;240;240;508;445;479;236;236;237;320;305;293;282;294;563;376;546;477;384;
237;362;243;244;500;424;480;237;235;241;323;312;301;286;310;560;375;520;478;360;
236;259;243;239;502;421;482;251;242;238;321;312;302;283;293;571;375;513;479;369;
238;241;242;239;502;429;477;237;236;244;320;305;292;285;295;563;375;510;477;358;
239;250;241;240;502;424;479;236;238;241;322;302;294;284;295;569;375;521;483;361;
239;254;247;239;509;428;474;237;234;238;322;302;295;282;292;568;375;516;477;359;
238;241;240;240;508;424;475;241;240;239;318;303;295;288;292;566;382;517;501;361;
238;240;239;238;508;425;472;238;238;239;331;301;298;281;300;563;388;514;478;371;
238;242;239;240;503;420;478;236;235;237;321;302;298;283;292;563;382;528;484;360;
245;239;242;239;510;428;472;238;236;245;319;305;292;282;293;564;376;529;484;359;
250;240;238;237;510;431;475;241;236;241;323;307;293;287;308;562;373;524;485;361;
239;239;242;239;502;422;473;236;244;238;318;301;298;283;294;563;379;513;480;360;
240;241;245;239;507;422;480;238;237;235;317;305;296;283;292;568;390;518;479;358;
239;240;252;258;502;423;473;236;236;240;319;303;299;288;293;564;380;513;480;359;
240;240;241;240;506;424;481;237;242;240;318;317;311;284;301;567;377;543;479;363;
251;237;245;237;500;425;471;237;245;243;319;306;307;296;294;564;377;516;500;359;
241;242;239;236;504;421;484;235;238;242;319;310;299;283;294;583;375;521;488;370;
241;250;268;248;503;426;474;238;237;242;319;307;298;286;297;564;375;519;505;362;
241;243;239;240;508;425;479;237;238;249;319;310;300;288;293;559;375;519;511;362;
247;241;244;239;502;423;482;238;240;241;318;304;298;286;293;593;374;558;496;368;
244;243;238;239;511;423;482;237;236;243;322;311;292;285;291;567;375;573;498;367;
236;243;251;242;507;424;483;238;238;239;319;302;294;283;297;595;374;524;525;363;
241;243;239;241;508;423;484;249;237;239;317;302;292;286;292;571;372;512;488;370;
239;241;238;239;503;422;479;238;242;240;319;303;293;282;295;570;373;522;486;361;
239;247;239;237;513;424;475;236;238;250;318;301;297;294;304;570;383;515;485;364;
239;243;239;243;502;427;481;236;237;241;317;300;291;281;295;573;383;512;488;361;
238;241;243;239;505;423;484;237;247;245;323;300;292;280;294;570;375;513;484;361;
240;243;241;238;500;427;483;243;249;242;317;299;292;279;295;570;375;514;490;365;
245;243;247;239;507;423;476;238;244;256;318;301;305;280;306;572;374;517;477;360;
242;248;243;250;505;424;486;237;239;245;328;303;291;285;294;563;373;522;492;362;
239;240;246;240;504;423;474;243;241;240;320;311;296;281;294;570;381;524;481;366;
238;244;239;238;501;448;490;239;241;240;320;306;303;289;301;570;380;514;485;359;
262;242;244;238;504;426;476;239;238;239;322;303;299;289;295;578;375;530;505;360;
238;244;241;237;501;424;474;238;239;239;316;303;296;282;295;567;388;521;480;365;
241;243;240;247;508;429;474;242;239;248;319;305;303;282;304;563;377;532;480;357;
248;243;239;241;501;426;479;239;239;239;320;306;298;282;295;571;372;527;481;380;
254;240;249;240;504;422;473;238;238;241;318;308;297;298;295;564;381;515;481;365;
248;252;241;239;498;422;472;238;237;239;318;302;292;291;295;564;377;537;488;360;
253;243;248;239;503;428;472;239;236;239;319;325;294;289;298;562;377;514;481;359;
260;243;241;239;502;428;477;239;251;241;318;303;295;293;298;565;379;536;483;363;
253;241;245;244;504;420;472;236;244;239;318;302;297;290;294;567;376;535;476;359;
249;246;241;240;498;428;481;237;238;243;318;304;303;292;297;565;374;518;477;363;
239;246;241;240;507;428;474;239;238;240;328;303;294;283;293;572;374;513;480;365;
239;245;241;238;501;428;477;247;238;248;319;302;296;285;306;562;375;534;496;368;
239;241;241;240;507;420;473;239;253;239;320;302;295;283;297;569;379;528;497;364;
238;261;240;238;508;421;478;237;238;238;321;305;307;288;300;560;376;547;488;362;
238;269;248;244;503;419;475;236;239;239;318;302;292;292;292;561;377;529;478;371;
248;244;239;239;502;421;476;236;240;239;318;301;298;283;292;568;373;531;500;378;
259;241;241;239;505;419;473;238;244;238;328;303;317;291;295;570;372;532;475;375;
251;246;243;239;506;421;475;245;243;239;321;303;299;286;292;564;372;518;476;369;
249;246;243;243;501;420;476;237;244;239;320;309;294;286;292;579;373;540;484;374;
252;245;242;238;502;420;472;238;236;240;321;312;301;291;309;565;372;564;478;373;
245;242;241;238;502;421;489;235;257;237;321;305;304;283;294;563;381;582;482;372;
249;248;245;236;500;428;474;238;242;239;320;303;298;290;294;562;375;604;483;369;
250;246;242;238;506;421;481;236;242;240;322;301;293;283;295;565;375;524;485;368;
257;243;241;240;502;428;474;244;236;240;318;304;295;282;297;559;375;520;482;366;
242;244;242;240;504;420;480;239;243;238;317;308;291;286;294;565;377;526;485;367;
250;243;241;240;503;423;473;237;241;239;330;302;291;284;293;565;377;515;479;364;
253;245;242;238;501;430;480;242;237;239;320;302;296;281;294;569;382;511;487;358;
249;241;241;260;501;425;478;237;238;240;318;302;293;296;301;564;390;516;478;361;
243;242;242;248;497;423;498;238;239;240;321;303;294;281;303;567;377;511;482;366;
242;245;241;241;500;423;475;246;241;238;327;303;306;280;308;567;377;519;477;363;
238;247;241;244;516;430;476;243;238;238;329;303;300;290;303;571;383;518;480;365;
245;241;247;261;514;422;477;236;236;239;325;308;295;289;297;562;380;516;474;491;
239;241;240;241;534;421;475;237;245;240;325;304;297;284;296;567;375;523;483;598;
237;247;242;241;515;422;476;237;239;237;325;303;300;284;301;565;380;537;474;393;
238;247;242;239;506;426;475;238;238;243;321;303;294;282;305;565;379;524;487;359;
237;241;242;244;525;424;475;237;244;240;326;300;295;290;305;566;374;525;477;364;
249;241;243;238;510;424;475;246;241;252;321;301;294;285;306;581;374;514;484;360;
240;249;240;246;511;563;478;244;396;240;322;300;302;288;305;563;375;528;474;360;
245;246;239;239;507;424;477;239;272;240;326;300;293;282;300;564;376;516;480;365;
255;245;245;243;502;423;481;237;240;238;321;299;334;282;315;560;374;516;476;360;
250;247;239;239;504;422;478;240;241;240;322;299;494;283;303;571;372;514;477;359;
253;250;241;238;511;425;478;237;237;238;328;309;489;282;299;558;382;521;479;365;
249;374;240;238;505;434;476;237;243;237;326;303;511;291;300;566;375;515;476;364;
253;370;240;236;504;427;477;239;239;240;319;305;505;285;297;560;374;522;475;359;
246;271;239;240;503;428;476;237;238;240;332;302;487;285;308;560;373;510;478;362;
243;243;239;248;502;431;477;240;239;237;321;303;391;282;297;574;376;519;485;358;
240;243;241;239;499;433;472;237;236;242;323;314;311;282;300;577;374;519;477;362;
240;242;242;248;500;429;481;238;239;237;321;303;295;284;293;570;378;512;488;363;
240;251;240;242;512;430;474;236;241;238;326;302;294;284;292;566;375;510;479;362;
250;251;241;240;500;433;477;241;240;236;327;306;298;284;306;565;374;523;479;364;
277;243;247;238;509;425;471;242;238;240;327;300;295;283;294;564;376;510;477;360;
263;249;242;237;503;430;473;238;239;238;321;306;296;283;293;578;376;557;480;360;
248;250;239;247;499;424;472;244;238;240;322;301;298;282;295;571;375;643;475;364;
247;264;241;239;501;426;480;240;240;236;323;299;298;283;296;582;394;526;484;358;
252;246;242;237;508;422;478;246;237;237;320;300;297;283;298;564;375;525;477;360;
260;243;246;239;507;422;475;243;234;239;320;301;293;285;295;563;373;515;480;366;
242;245;239;237;504;426;486;244;238;236;326;302;299;282;299;569;372;516;490;360;
237;251;240;239;505;431;487;239;244;242;320;300;295;281;295;563;377;517;499;360;
237;243;252;236;503;428;486;246;238;238;320;300;291;290;294;563;373;513;486;365;
237;243;243;238;500;422;484;237;236;246;325;303;328;283;294;564;372;516;487;371;
243;248;240;264;501;426;488;236;240;236;320;301;292;283;295;563;371;517;491;360;
248;249;240;238;501;422;485;243;248;243;317;311;292;284;294;567;379;522;492;364;
242;244;244;236;503;420;483;238;243;238;331;305;296;301;293;566;372;546;486;365;
237;242;241;238;498;418;484;239;240;238;322;303;317;284;297;581;374;551;507;360;
244;247;249;238;498;421;481;237;238;239;319;303;296;284;295;564;372;519;477;361;
240;249;240;242;497;418;479;243;266;242;320;302;298;283;292;563;381;539;484;359;
239;240;245;238;512;418;477;239;242;239;323;303;305;286;296;560;378;529;477;360;
237;245;239;238;502;420;474;247;238;236;319;301;302;291;295;577;386;527;496;359;
238;252;245;248;507;422;475;239;238;237;319;302;299;284;293;565;379;519;492;360;
239;246;246;238;500;428;475;237;242;243;325;305;298;282;293;562;383;537;498;361;
237;244;244;237;505;431;482;243;237;238;320;302;297;288;299;579;380;511;480;364;
237;242;238;239;498;432;475;237;237;240;319;308;296;284;293;561;387;519;480;362;
237;242;246;247;500;425;532;238;238;237;320;310;296;289;295;561;376;541;479;363;
247;244;241;239;502;427;479;236;237;237;319;302;295;284;298;559;381;528;484;359;
249;242;242;238;508;425;480;242;243;237;318;301;293;301;292;562;377;514;482;360;
236;245;239;239;499;425;476;239;236;238;319;302;295;284;292;560;384;519;488;360;
241;243;239;238;500;428;485;238;238;247;319;302;293;288;299;561;387;522;480;359;
245;247;240;239;501;422;476;237;235;242;320;302;294;284;307;568;395;523;486;360;
237;245;238;239;502;424;487;238;247;238;321;301;295;284;293;566;403;517;485;360;
238;241;239;239;498;425;482;238;238;240;318;305;303;285;292;564;377;536;479;362;
238;241;243;239;507;422;480;237;236;237;319;304;302;282;293;564;390;527;484;360;
238;246;239;244;501;430;476;244;238;239;386;300;291;281;292;564;386;524;483;360;
239;245;241;239;509;424;480;239;246;237;328;301;299;282;292;562;380;559;481;360;
237;240;242;238;502;421;477;238;238;238;319;302;301;289;300;562;383;564;478;362;
236;240;252;240;501;429;474;238;239;238;328;309;300;289;294;568;377;513;481;359;
237;253;242;244;501;424;482;236;236;237;324;300;298;288;294;568;378;512;478;365;
243;244;237;242;509;427;478;249;239;237;318;301;297;285;294;568;376;522;482;362;
239;241;249;238;501;421;474;239;238;239;325;303;305;282;295;566;387;522;495;361;
239;242;246;237;506;423;475;238;236;240;318;301;299;284;292;592;383;515;495;367;
238;240;245;245;509;419;471;238;235;235;318;301;301;283;291;571;379;515;478;361;
354;241;244;237;500;425;477;239;237;240;351;300;306;283;302;567;375;521;488;364;
284;241;240;235;507;428;471;237;234;236;320;307;300;288;295;570;376;547;482;368;
247;241;243;236;509;426;471;238;236;233;317;305;306;286;293;566;378;527;487;360;
240;255;242;247;505;422;474;238;235;237;327;300;294;286;304;569;376;522;495;368;
245;241;247;237;503;422;471;236;238;237;327;309;292;281;294;564;377;523;490;362;
242;246;245;238;499;426;481;239;234;237;319;303;294;286;296;568;379;512;479;360;
245;244;242;239;517;429;474;236;236;239;323;307;299;299;294;559;376;514;505;365;
242;241;247;282;510;422;476;238;235;247;317;305;297;286;307;569;381;521;496;358;
243;242;242;240;623;427;471;237;240;239;423;310;294;281;293;568;377;522;499;361;
239;240;244;239;544;423;486;241;243;240;329;305;302;282;293;559;376;524;493;359;
242;243;240;238;513;427;479;239;235;237;317;310;300;281;297;561;378;524;485;358;
244;261;259;237;506;422;474;237;237;243;330;306;296;283;292;562;376;522;479;361;
245;253;248;239;506;421;477;238;237;243;325;302;295;282;291;570;377;525;481;359;
263;246;250;238;502;428;478;238;241;239;317;303;302;282;296;563;382;514;476;369;
248;247;242;238;511;425;477;239;237;237;317;305;301;282;298;565;393;513;478;361;
241;247;316;241;512;423;476;236;236;241;320;303;292;284;292;595;378;522;477;375;
251;254;382;242;508;421;482;237;235;236;321;302;303;281;293;574;374;518;499;365;
245;249;303;242;510;422;475;237;242;238;317;307;294;281;298;577;379;512;486;372;
247;256;245;241;505;422;481;238;246;237;325;304;295;281;292;569;378;556;484;356;
251;252;244;236;513;423;474;238;236;241;319;304;296;281;293;566;377;521;489;358;
268;243;261;240;505;422;474;237;236;236;312;304;297;303;318;565;376;525;501;358;
240;243;252;238;506;421;476;238;238;237;328;303;293;290;313;565;379;530;478;359;
239;241;269;237;509;426;481;236;237;235;329;305;298;282;291;560;381;520;481;357;
241;243;271;238;505;424;474;237;236;237;317;308;310;283;299;575;378;526;480;364;
239;245;261;242;505;422;480;235;237;237;318;303;296;282;297;564;377;557;484;358;
238;241;262;238;503;429;471;242;242;237;324;311;294;282;300;572;376;552;483;357;
239;243;271;236;524;430;471;239;235;237;317;302;306;283;291;564;377;526;483;385;
240;245;271;238;504;431;471;238;236;238;421;304;300;283;296;563;376;519;483;359;
248;271;264;257;509;429;475;238;235;246;325;310;294;282;292;570;376;521;481;375;
240;250;256;239;510;432;477;242;236;241;316;303;302;285;291;564;374;523;490;363;
236;242;262;238;502;435;482;238;237;238;317;302;298;285;297;564;376;517;476;358;
239;245;253;237;504;426;476;248;238;240;318;303;293;288;333;567;376;527;499;362;
268;260;252;249;501;429;476;238;238;239;318;302;292;284;291;561;377;527;476;357;
238;242;259;239;504;432;476;236;235;238;317;305;291;285;297;589;376;514;482;359;
237;242;253;238;500;434;476;246;241;240;324;301;294;287;302;562;380;520;486;371;
238;246;257;237;508;441;482;238;238;240;318;311;294;295;293;565;376;518;490;361;
244;262;257;241;502;473;474;235;240;251;315;300;290;292;292;563;398;524;484;362;
238;242;265;239;510;448;479;235;236;240;321;300;293;284;299;562;376;518;485;360;
237;244;252;237;503;426;478;246;239;255;320;301;291;287;292;570;375;526;476;360;
250;241;254;235;504;429;477;238;243;244;319;299;293;282;291;567;380;547;477;377;
241;248;254;244;503;425;479;236;237;242;318;299;291;283;298;581;379;549;485;358;
240;245;261;242;506;425;481;238;237;239;324;302;290;284;303;570;382;559;484;371;
239;244;254;237;501;431;481;237;242;239;347;300;296;295;293;565;375;533;481;382;
240;242;257;237;501;434;478;237;240;240;397;300;301;282;293;563;381;528;480;361;
239;244;253;238;509;422;472;238;234;239;322;300;292;281;296;573;381;514;480;358;
239;243;259;241;504;421;491;238;237;241;367;300;292;285;290;563;377;519;484;371;
253;251;261;236;501;421;473;238;235;238;329;301;296;288;292;561;377;554;486;364;
239;240;254;237;502;426;483;245;243;239;323;302;302;283;296;569;392;513;488;366;
239;250;254;235;499;420;475;239;238;246;360;299;290;283;303;564;376;546;481;365;
239;241;265;240;510;457;480;237;238;238;361;301;290;283;297;581;384;531;500;364;
239;242;272;238;500;421;473;237;242;238;326;308;303;286;295;565;383;527;481;374;
238;242;249;234;505;420;478;236;236;239;338;304;294;283;328;567;376;532;477;365;
244;247;258;236;499;432;475;238;238;239;330;303;291;282;319;560;376;540;487;367;
246;242;263;240;512;432;474;238;239;238;318;304;296;284;301;576;375;539;498;380;
239;241;250;236;505;424;476;236;239;282;358;301;293;281;321;567;374;517;482;364;
238;238;256;235;515;423;480;246;240;242;318;302;292;281;317;569;375;549;480;367;
245;242;255;237;570;422;483;239;237;238;320;303;294;288;294;567;377;574;488;362;
240;243;252;245;518;428;476;238;238;237;317;302;294;283;314;558;385;526;490;360;
239;243;254;246;509;422;477;236;236;238;325;304;289;293;306;564;379;529;488;366;
238;241;260;242;513;429;485;238;238;238;330;300;295;282;294;559;381;528;487;361;
240;245;255;238;512;428;475;240;244;237;318;300;291;283;300;581;379;516;487;359;
244;240;252;238;507;424;477;237;237;240;319;301;290;284;295;573;379;519;478;370;
240;245;254;238;505;424;475;238;237;241;317;300;291;283;294;577;389;523;494;361;
240;246;262;237;505;424;475;238;238;239;317;300;292;285;313;574;381;512;477;360;
238;250;252;237;506;421;476;244;236;236;330;300;299;283;295;573;388;518;478;371;
241;242;254;246;510;419;475;235;236;238;319;301;293;295;293;576;387;520;477;360;
241;245;255;237;505;423;476;237;239;238;317;302;290;281;292;584;407;517;482;361;
238;242;259;237;498;421;474;242;240;240;325;300;292;282;310;570;381;517;479;364;
245;250;255;238;506;420;489;240;242;238;313;301;294;283;311;570;378;518;493;359;
240;242;248;239;506;420;478;237;240;240;314;301;291;282;294;572;374;525;480;366;
239;241;249;237;506;420;478;238;240;235;321;310;292;285;298;569;380;518;482;362;
239;245;259;238;504;421;475;245;241;236;325;301;291;280;298;563;381;529;482;359;
242;249;253;238;521;423;480;243;242;239;317;301;292;290;295;562;381;533;487;362;
242;243;255;236;505;420;474;241;240;236;318;303;301;282;297;572;376;521;479;362;
240;243;258;318;507;431;478;239;240;237;323;303;297;290;294;568;376;519;480;358;
239;241;259;307;502;435;472;253;238;236;318;302;290;288;338;564;380;517;486;359;
239;239;260;299;505;428;519;239;247;236;318;303;289;283;294;564;383;520;480;358;
242;250;259;271;503;424;479;239;243;237;320;300;314;300;302;574;376;517;478;359;
239;242;263;242;507;423;479;236;239;244;315;302;293;283;293;562;377;522;487;371;
239;241;258;249;502;423;473;240;243;236;315;300;294;280;312;572;375;512;480;362;
239;241;260;241;501;420;477;243;245;239;321;306;293;282;300;565;377;532;478;373;
240;242;257;252;503;421;476;237;239;237;318;307;298;289;301;565;373;521;485;370;
240;249;262;243;498;421;471;238;242;238;317;302;291;283;303;562;374;515;481;362;
240;247;257;244;502;425;474;236;241;238;318;301;292;282;296;565;382;518;485;374;
238;241;268;243;504;427;477;242;244;236;320;301;310;286;294;580;375;527;486;367;
236;254;263;253;509;427;483;239;241;236;317;300;300;283;295;563;377;528;485;361;
244;247;264;239;500;423;484;235;237;235;319;307;292;296;296;583;374;525;485;362;
240;245;249;239;504;420;488;234;234;236;317;305;294;282;345;559;375;558;488;360;
240;242;256;237;499;431;483;244;238;243;317;306;293;283;293;560;381;556;481;361;
241;290;251;244;512;427;484;238;245;242;321;300;293;307;291;558;376;516;485;375;
238;250;261;245;514;430;477;237;239;243;318;304;296;284;297;578;376;515;478;364;
237;255;258;236;507;424;475;238;238;237;318;301;294;288;298;565;382;533;489;366;
236;250;260;237;502;423;474;237;239;240;321;303;289;282;291;563;407;518;496;366;
246;247;253;264;505;423;488;238;238;237;318;309;289;285;292;568;383;517;513;361;
243;250;258;240;502;420;471;237;236;240;317;302;296;282;297;562;376;517;483;367;
238;240;257;234;508;424;476;237;238;237;319;302;290;286;289;568;376;518;485;360;
240;239;250;236;514;423;471;243;238;240;329;301;289;282;292;562;375;522;479;369;
240;243;249;234;504;420;481;250;238;235;319;302;289;282;292;567;376;525;482;370;
239;243;260;246;504;430;479;248;236;236;322;302;290;285;291;561;376;523;477;361;
238;241;258;237;502;425;472;241;237;244;322;301;291;282;290;561;375;528;476;359;
240;243;257;239;503;427;475;240;243;238;318;302;291;286;293;573;380;523;486;366;
239;244;260;236;504;422;472;238;237;239;318;302;291;280;291;582;376;542;480;365;
242;242;260;240;503;423;471;240;239;238;333;302;290;285;291;568;380;520;475;363;
244;243;262;235;500;422;474;240;239;238;320;303;290;281;295;569;376;519;481;366;
237;241;260;236;506;422;473;238;238;242;319;301;293;280;300;575;375;535;477;368;
239;243;256;235;513;424;477;246;240;238;326;300;290;286;292;576;377;538;485;373;
241;244;258;239;503;420;478;239;238;238;319;309;290;280;292;572;374;540;476;366;
239;245;259;237;516;429;489;239;238;240;321;305;301;281;296;571;389;516;479;364;
237;243;260;236;510;423;489;237;237;236;324;302;298;280;291;571;381;517;477;362;
237;245;246;236;509;430;482;242;238;236;319;304;291;281;292;571;382;517;481;361;
238;247;251;236;506;427;480;242;237;238;319;300;292;284;292;564;377;540;485;360;
241;240;257;236;500;465;479;240;238;235;330;300;296;279;295;573;377;520;559;376;
237;240;257;236;504;436;477;236;236;236;318;299;299;294;291;565;386;516;552;361;
238;242;251;236;501;433;482;238;239;237;318;300;296;280;291;569;384;520;485;368;
237;245;248;237;500;427;488;243;239;238;332;304;293;286;303;571;379;520;489;362;
240;243;255;253;499;425;481;238;237;235;322;304;299;288;301;566;384;523;504;359;
237;241;254;238;513;422;488;239;239;237;320;313;298;290;295;573;380;527;483;378;
238;243;258;235;502;427;481;239;239;237;324;306;292;302;295;563;382;534;476;361;
237;247;255;238;502;427;484;241;238;236;320;304;308;285;295;693;379;515;478;361;
237;241;262;239;506;432;480;238;234;235;321;306;298;282;295;817;389;556;478;362;
237;240;256;243;505;426;483;244;241;243;321;314;300;282;300;570;381;558;488;361;
236;242;253;238;501;422;475;243;238;246;321;318;293;283;305;565;376;517;481;361;
234;249;262;239;507;449;475;237;241;237;317;315;296;282;292;571;379;514;479;364;
240;240;255;243;501;424;475;238;236;238;320;311;293;282;292;565;373;519;486;365;
238;243;247;238;514;422;473;239;236;238;327;321;312;283;298;566;373;520;487;389;
237;241;251;237;502;423;477;238;235;241;318;311;301;284;299;567;381;518;479;361;
238;253;253;237;502;424;471;237;237;237;321;304;293;288;291;572;375;522;512;360;
238;241;255;242;500;424;485;238;244;238;323;311;294;282;296;560;375;520;491;362;
241;239;253;235;505;425;485;238;236;242;320;303;300;291;298;580;375;516;485;361;
237;239;253;236;501;422;528;238;237;242;322;308;293;282;292;572;376;532;480;359;
238;239;257;237;503;426;475;238;239;239;319;303;291;285;292;568;377;514;509;365;
245;239;252;235;496;426;475;239;240;239;319;303;296;286;332;571;373;517;486;360;
239;240;267;237;505;424;474;239;236;244;320;309;299;280;293;569;372;517;492;360;
238;241;301;237;506;421;471;236;236;237;320;307;292;279;292;579;381;525;504;367;
239;248;328;236;505;421;474;246;236;238;321;303;293;279;294;567;376;518;494;358;
241;244;274;237;504;431;472;246;244;237;320;305;302;280;293;571;375;524;487;364;
239;241;243;246;508;429;473;240;241;238;324;307;295;279;292;569;374;523;492;360;
238;243;245;237;506;423;472;237;234;237;318;303;294;279;292;588;376;513;480;360;
237;239;574;236;514;424;475;246;238;241;318;304;294;282;294;571;375;517;482;366;
241;244;422;238;508;425;476;247;239;237;320;303;295;280;292;566;379;519;476;361;
245;241;485;238;514;423;471;238;238;235;318;301;295;280;291;570;375;516;488;362;
239;247;398;242;518;426;482;238;236;237;318;300;293;287;293;564;379;512;480;370;
241;241;383;238;550;428;473;238;237;239;320;306;305;286;292;569;376;518;482;364;
239;241;250;237;523;421;481;245;243;238;317;301;292;283;328;567;374;519;479;361;
244;240;250;260;530;420;471;237;238;240;318;301;297;280;295;567;380;517;485;370;
245;241;243;239;506;426;472;237;237;238;319;304;307;283;292;571;395;513;498;362;
240;244;246;238;533;428;471;246;237;240;331;301;290;293;297;567;377;513;480;365;
240;241;246;241;544;419;476;244;239;238;323;305;290;280;296;573;372;511;480;366;
243;241;243;254;504;420;482;242;236;236;334;299;291;283;312;580;373;519;496;362;
244;241;240;241;500;429;591;239;238;238;328;309;300;282;295;577;381;522;492;369;
239;246;247;240;500;433;487;255;237;238;321;301;292;282;293;569;378;512;495;359;
241;241;241;248;508;422;479;237;237;241;328;301;295;288;300;573;374;552;487;363;
241;241;239;251;501;422;473;239;239;238;347;302;300;284;293;567;375;549;483;367;
245;240;312;245;505;422;472;246;236;237;335;307;293;286;292;564;380;523;498;360;
238;240;255;245;500;431;474;238;237;238;324;303;292;285;309;581;380;528;486;364;
239;243;241;240;509;457;475;237;235;241;334;303;295;282;300;561;389;522;489;363;
237;243;242;249;511;434;472;237;245;236;322;307;294;282;292;575;383;518;485;358;
243;241;241;241;507;424;472;238;241;240;337;304;293;281;293;573;384;513;480;367;
239;244;242;237;503;423;473;237;237;237;326;302;299;285;303;564;375;514;482;367;
235;250;242;238;500;423;477;239;239;237;330;308;300;282;302;567;373;522;483;362;
245;241;242;238;505;422;482;240;238;238;325;307;296;283;293;561;375;519;479;367;
248;240;242;239;502;420;477;247;240;238;323;302;293;279;296;566;372;517;483;365;
240;240;243;242;500;425;474;237;236;244;321;303;299;280;299;564;376;535;509;360;
239;240;241;238;498;422;476;243;241;241;327;301;294;290;298;581;372;528;489;363;
244;241;241;237;503;426;477;244;239;238;325;301;294;284;326;565;373;533;480;362;
240;241;247;238;506;425;473;238;237;240;321;304;294;281;297;569;374;539;485;361;
240;240;248;239;504;420;479;238;235;238;323;301;297;280;297;575;374;551;481;378;
238;245;255;237;506;424;474;238;236;239;327;302;295;282;293;571;372;518;482;361;
238;240;247;237;506;430;475;240;240;239;321;307;295;281;293;573;382;531;500;366;
244;240;251;240;502;427;476;237;244;239;320;308;294;282;292;568;374;527;493;360;
241;241;252;238;502;425;474;246;236;239;327;303;292;282;292;569;377;542;488;360;
239;242;252;236;500;423;475;239;236;241;322;303;292;280;293;569;396;539;487;370;
238;247;253;238;510;428;475;246;238;243;322;302;298;284;315;593;374;528;488;360;
239;242;253;242;507;422;475;236;237;242;324;303;294;283;310;576;374;533;502;360;
239;240;257;238;512;426;479;238;237;246;318;304;307;283;295;568;375;517;490;366;
238;245;247;236;510;422;494;239;237;242;318;303;293;281;311;573;375;539;493;362;
238;249;255;236;501;422;486;237;238;241;328;303;293;286;295;562;375;530;485;360;
239;241;254;241;504;424;487;237;244;239;319;299;291;286;292;573;375;515;487;365;
252;241;258;238;501;422;483;238;240;247;320;302;291;283;296;572;374;514;479;360;
240;240;258;237;504;421;481;239;238;241;323;304;300;282;296;570;377;519;485;359;
240;241;253;238;498;423;481;237;237;243;318;301;292;281;296;579;375;511;481;358;
240;251;265;243;506;423;488;239;238;239;318;300;293;283;298;560;374;523;480;358;
241;241;270;240;502;427;483;238;237;241;322;300;294;294;302;573;374;531;480;361;
238;247;257;240;511;424;475;236;238;238;328;301;293;281;311;567;376;603;479;358;
239;248;255;238;502;422;474;241;241;237;320;300;293;285;293;564;380;515;487;358;
242;242;248;239;513;423;475;239;241;238;324;300;300;280;293;562;377;515;487;360;
239;242;256;237;501;425;478;238;240;237;322;305;296;282;295;573;379;513;483;359;
242;246;256;237;505;440;475;235;236;238;320;304;290;288;356;570;375;521;479;358;
245;243;253;237;501;433;474;240;238;242;325;302;290;282;298;563;374;513;478;375;
240;241;254;242;498;430;484;258;239;238;319;301;302;282;292;584;375;521;482;360;
237;240;258;238;499;452;474;240;244;237;321;300;293;281;292;580;377;513;482;361;
237;245;253;237;509;424;474;238;234;235;321;299;296;283;291;580;375;525;479;361;
238;242;247;238;501;428;475;238;237;237;321;310;296;281;307;569;382;512;483;360;
237;240;258;235;499;428;479;242;244;239;318;303;295;281;291;579;375;517;480;368;
239;241;268;242;502;431;476;237;239;238;321;302;294;283;316;570;375;517;479;364;
240;241;260;239;513;424;474;238;235;244;327;301;296;283;291;576;378;511;476;365;
236;241;253;235;505;426;472;245;236;242;319;303;301;283;290;576;384;512;486;366;
237;250;257;237;502;423;472;247;238;239;321;303;297;289;293;578;390;514;478;370;
244;243;252;239;503;422;472;238;240;239;323;301;293;286;311;585;380;516;483;365;
243;242;254;238;504;427;473;240;238;237;318;307;298;281;339;566;379;512;478;369;
237;245;265;236;502;425;487;240;236;240;317;302;293;282;292;563;374;516;478;371;
239;245;258;238;500;436;486;239;236;241;327;300;294;283;294;570;374;526;479;372;
238;247;363;238;502;426;479;242;238;239;318;302;294;282;291;566;375;518;521;368;
238;242;381;241;510;425;483;241;236;239;318;302;298;279;294;567;374;525;479;372;
238;246;294;237;504;428;480;244;236;239;331;302;292;288;293;565;372;513;487;376;
243;246;263;237;504;420;486;243;236;239;321;300;292;283;296;574;378;512;479;365;
243;247;258;242;781;432;481;330;239;237;320;306;302;281;290;580;380;521;489;363;
247;245;264;241;657;425;476;238;240;238;321;300;293;282;292;571;378;521;476;372;
256;248;263;236;509;423;481;253;240;240;320;302;292;284;299;566;376;514;490;361;
244;245;255;237;503;424;478;333;236;238;319;302;294;281;292;563;375;518;475;362;
242;242;258;240;504;422;480;239;250;240;321;301;302;281;293;565;375;524;480;366;
240;241;259;246;502;432;474;239;252;237;321;302;303;281;296;564;374;527;490;361;
238;242;261;242;511;423;480;239;239;239;317;310;296;281;292;560;375;536;481;363;
236;241;258;274;501;423;474;240;239;241;323;309;296;282;293;560;376;519;482;361;
243;241;276;255;527;422;480;238;239;239;325;301;290;281;295;560;373;518;510;361;
239;242;298;269;504;425;478;238;238;237;323;300;290;290;313;570;377;584;485;476;
244;245;263;304;499;425;477;241;235;246;323;304;296;297;295;567;377;523;485;591;
242;262;257;376;501;431;475;238;239;238;322;302;294;282;294;574;373;519;481;605;
241;243;255;290;501;427;476;237;247;237;322;301;291;284;295;570;374;512;485;455;
243;252;258;247;499;423;478;242;239;240;326;307;298;283;295;569;378;516;485;364;
237;255;262;244;501;423;473;237;237;238;321;304;299;282;294;569;374;515;477;364;
238;249;262;239;499;425;472;238;238;244;322;305;291;281;315;572;375;518;489;373;
236;256;269;250;504;420;471;242;240;241;322;302;291;283;293;580;376;521;481;366;
241;252;264;241;505;423;472;234;236;239;326;305;299;281;292;567;380;531;481;363;
241;256;260;245;500;423;473;239;238;237;320;304;297;280;294;585;390;516;477;365;
244;255;253;239;501;432;473;237;237;239;320;303;294;282;298;562;375;525;489;360;
248;244;259;245;508;423;474;236;243;244;334;316;380;283;300;572;379;527;503;361;
258;245;260;239;501;422;480;239;236;237;319;303;309;282;291;562;375;526;493;372;
244;248;261;238;503;424;476;238;239;239;320;310;296;281;302;563;374;532;495;363;
247;250;261;238;495;424;474;240;239;238;322;304;302;285;291;564;375;539;487;362;
246;247;259;244;503;422;473;238;240;239;320;303;295;279;291;563;375;529;489;369;
255;245;260;241;495;423;487;237;239;238;321;302;294;281;292;571;375;569;480;365;
244;251;258;240;500;429;475;237;238;238;328;303;300;280;293;561;375;556;498;373;
237;264;258;239;501;424;481;236;237;239;321;302;296;290;291;565;374;558;487;362;
241;248;254;243;516;430;477;243;235;247;321;302;294;283;292;560;374;516;505;364;
241;255;257;239;502;425;475;237;244;236;324;303;295;282;300;572;379;520;482;361;
240;261;254;238;500;425;475;238;240;238;322;304;295;282;291;563;376;538;477;354;
249;252;262;240;498;423;476;237;235;246;326;303;295;282;291;581;373;532;479;357;
260;250;262;244;507;420;479;244;236;242;324;303;294;284;291;569;375;552;480;356;
249;253;261;248;503;421;474;241;236;239;320;302;297;282;290;565;375;557;482;354;
250;263;261;240;503;432;473;239;242;240;319;300;295;282;294;566;375;524;482;354;
247;259;263;241;504;428;473;237;235;242;320;304;295;282;291;576;380;521;495;361;
245;248;258;240;507;424;480;249;236;237;320;301;293;284;293;567;384;548;492;356;
250;247;262;241;509;422;476;242;236;238;318;301;300;284;332;560;379;516;483;356;
242;247;260;244;504;423;474;247;244;237;322;299;296;281;292;562;378;527;484;371;
247;252;265;243;506;421;476;238;233;238;327;301;304;281;301;569;383;536;491;360;
251;252;259;242;508;425;488;238;237;240;320;307;296;281;292;563;378;558;479;366;
247;247;259;239;505;421;486;244;238;237;321;300;297;280;292;563;380;565;503;373;
399;248;260;241;503;418;494;236;241;238;324;309;292;288;296;576;388;522;487;359;
258;247;259;241;505;421;491;240;240;237;325;305;293;283;305;574;375;524;485;369;
237;241;261;242;513;422;479;252;237;236;330;302;300;290;292;573;390;515;489;359;
238;252;265;241;497;427;481;243;247;240;325;302;292;294;292;573;374;519;482;358;
248;245;261;240;516;423;478;244;236;236;329;301;295;282;299;566;373;512;481;369;
241;264;262;238;501;423;475;241;238;238;324;303;314;284;292;564;377;513;488;367;
240;257;264;239;503;422;484;253;236;245;327;310;292;283;306;570;377;513;490;363;
252;251;260;245;498;423;475;243;235;241;320;308;291;282;351;564;378;517;485;377;
244;258;260;242;500;421;483;242;238;237;324;305;296;280;290;565;374;520;480;366;
244;260;265;239;498;421;473;242;236;239;327;304;302;289;290;568;372;525;483;369;
240;241;260;237;503;436;478;240;236;239;319;309;293;282;295;566;383;521;479;367;
245;243;258;246;498;424;474;242;236;238;321;302;301;284;308;582;384;518;481;363;
238;241;263;239;509;423;477;239;242;238;323;302;296;282;294;564;374;521;487;367;
245;241;262;238;500;442;478;243;247;239;320;300;297;282;298;570;376;517;501;358;
247;244;262;236;504;425;476;248;237;241;319;302;294;287;292;562;376;529;483;360;
256;242;259;239;502;426;478;245;236;242;327;301;294;282;294;574;375;519;485;368;
247;247;264;238;502;430;472;240;238;237;320;307;294;285;294;561;375;520;480;360;
244;245;268;237;498;435;480;245;240;239;320;303;291;286;297;567;374;513;479;361;
246;241;262;239;510;431;475;248;235;247;322;302;291;291;291;564;379;513;488;360;
258;242;266;238;501;426;476;242;235;239;322;300;300;286;292;567;379;523;480;357;
247;249;266;237;508;424;473;241;241;239;320;304;291;293;295;565;375;525;479;371;
236;245;266;237;510;429;473;238;237;238;326;307;294;292;297;558;379;528;483;363;
234;242;274;238;512;428;472;241;234;239;323;300;295;290;292;564;375;523;485;361;
251;250;261;239;509;428;474;246;236;237;322;309;293;286;291;568;379;516;484;361;
241;249;255;244;513;445;474;239;237;240;322;302;293;286;297;574;374;521;485;359;
239;247;295;235;507;427;480;245;235;238;324;302;294;283;299;564;374;513;480;359;
241;243;271;235;504;424;475;239;244;241;319;304;295;286;296;563;379;519;483;365;
254;250;265;237;502;425;477;243;237;236;326;302;290;282;316;560;376;512;479;360;
248;242;265;245;503;424;471;239;237;239;320;300;295;287;330;574;389;522;486;360;
252;243;270;242;503;425;475;236;238;237;320;301;293;288;295;570;385;518;485;373;
244;241;261;238;501;422;483;239;242;237;325;310;292;285;313;569;374;555;482;360;
240;242;265;238;501;423;475;239;239;247;319;301;291;287;305;565;380;558;480;364;
265;247;265;240;501;427;480;237;238;240;321;300;295;285;305;561;374;532;480;360;
247;246;263;238;499;423;476;236;237;239;321;301;301;286;310;573;372;520;480;359;
251;239;263;238;509;428;474;241;243;237;321;300;305;284;345;564;376;525;481;361;
242;250;265;239;506;428;474;240;237;241;323;299;292;289;301;563;377;515;480;360;
240;247;261;313;503;425;478;238;235;240;320;308;295;284;299;566;376;514;480;360;
283;244;266;316;501;425;474;247;236;237;324;311;291;285;297;559;376;519;481;360;
252;252;252;239;504;433;477;239;243;236;318;302;296;297;294;570;372;519;478;369;
248;242;257;238;497;427;474;239;236;246;318;303;304;284;314;562;377;519;492;373;
238;244;273;242;500;427;476;240;235;241;328;302;296;287;325;565;373;523;483;363;
241;246;263;236;499;423;473;237;236;238;318;300;296;282;296;564;371;522;484;370;
243;248;256;243;514;424;473;238;241;238;320;300;297;285;292;565;372;531;503;367;
243;261;268;235;503;424;471;242;237;238;325;310;295;281;294;564;373;571;487;362;
243;249;268;244;509;428;473;238;236;239;320;305;295;289;311;563;372;517;483;362;
239;245;261;239;501;426;478;239;239;238;319;300;299;286;343;578;376;524;481;366;
243;248;265;236;502;422;482;237;238;237;320;307;296;284;300;566;372;514;488;367;
243;245;264;237;499;429;475;241;240;242;320;303;295;284;300;568;380;512;481;361;
249;244;276;246;510;426;480;242;236;238;321;301;295;282;292;567;374;567;496;365;
240;246;263;241;501;426;477;238;236;241;322;305;296;283;294;568;374;517;505;359;
246;244;275;236;501;420;487;236;237;238;322;304;299;283;337;566;382;525;482;359;
247;242;266;237;498;421;477;236;237;237;318;301;297;282;326;558;374;509;485;373;
246;240;268;240;498;430;491;240;236;244;319;300;295;288;294;563;375;509;484;362;
240;242;265;239;502;426;482;236;237;238;327;314;298;283;302;559;381;542;482;360;
239;247;261;235;501;424;480;235;239;239;320;310;299;282;309;559;389;512;480;360;
241;239;266;235;497;429;482;236;244;239;324;303;294;287;325;559;373;510;482;360;
247;242;262;241;499;424;473;251;238;243;320;303;297;283;299;565;376;513;511;363;
243;248;259;244;501;422;479;239;238;240;320;305;291;282;293;561;374;525;497;359;
240;241;275;238;508;420;473;239;237;238;321;301;292;287;311;583;376;514;498;392;
238;243;260;239;501;420;482;238;238;238;320;309;295;283;294;572;374;543;519;378;
244;241;266;238;505;424;475;239;238;240;320;302;299;284;295;565;374;512;510;357;
240;256;256;240;501;432;477;240;236;238;321;302;291;282;297;571;375;515;510;362;
239;250;259;240;506;427;471;238;242;242;320;302;294;288;326;576;374;620;505;366;
241;251;251;238;504;424;476;238;238;240;322;306;298;283;298;592;375;517;493;375;
245;243;259;238;500;423;476;236;238;249;325;300;292;282;295;563;375;561;485;372;
239;248;255;242;498;423;474;242;237;250;323;301;293;284;294;562;375;564;492;366;
239;244;256;242;503;436;484;237;238;244;319;308;297;282;297;576;378;531;504;357;
242;251;264;238;504;431;485;239;240;241;318;302;293;283;311;569;377;520;494;363;
258;242;254;238;505;427;480;239;242;245;321;313;291;280;293;570;374;523;498;403;
243;243;256;245;497;421;478;237;238;243;316;304;292;281;293;568;375;520;497;360;
238;244;261;239;502;423;482;239;237;239;315;304;292;282;296;565;374;519;482;361;
244;243;258;239;500;433;487;238;240;245;320;301;291;282;293;566;376;513;487;357;
247;242;255;236;510;424;477;236;241;245;325;303;295;281;292;572;372;525;491;381;
241;246;254;239;497;424;480;241;236;246;317;303;303;296;312;568;373;521;485;378;
240;248;259;238;501;424;479;240;238;239;318;306;296;287;293;564;375;524;481;354;
240;248;257;238;497;423;484;238;238;241;327;304;293;280;293;569;373;525;486;371;
238;242;251;237;499;424;478;238;239;242;321;302;296;280;297;564;374;526;480;358;
240;245;253;239;499;424;478;240;235;244;327;305;303;288;302;570;383;515;498;368;
240;245;260;238;509;424;474;247;236;244;322;301;292;281;294;566;374;524;501;367;
238;241;256;236;505;422;481;236;238;239;318;307;295;280;297;567;377;510;502;358;
246;240;257;239;508;428;476;238;236;239;317;303;292;280;296;585;389;519;498;362;
267;245;261;239;502;420;473;257;237;238;327;303;292;282;293;564;373;519;482;359;
241;242;261;246;506;425;481;239;236;260;320;307;292;280;293;905;375;513;489;356;
241;242;253;239;504;423;479;241;236;239;322;301;294;288;296;570;380;525;481;363;
239;241;256;239;507;422;484;240;237;241;320;309;294;283;293;563;385;512;488;356;
240;240;254;239;503;437;478;240;244;237;320;308;292;281;293;567;375;522;480;358;
238;241;258;242;514;421;487;240;237;239;321;310;292;282;301;561;382;515;479;357;
239;246;257;238;521;429;485;236;242;240;322;308;295;283;306;569;386;516;481;360;
238;240;254;237;506;423;484;240;238;236;317;307;296;289;294;567;376;513;495;359;
239;245;260;238;525;422;476;242;238;238;323;304;295;281;293;564;374;513;479;364;
238;243;256;238;507;423;479;237;234;240;328;303;299;288;295;561;378;513;479;358;
239;241;254;237;506;423;478;238;234;238;319;301;293;283;297;560;377;521;480;364;
238;242;258;239;522;423;483;238;238;237;321;309;292;282;294;564;373;514;480;360;
266;238;253;238;527;423;473;246;238;247;326;302;296;283;296;561;380;512;486;359;
247;243;257;262;507;429;478;240;234;240;320;302;301;282;300;562;376;633;478;358;
239;249;258;245;505;424;474;238;236;241;320;303;294;284;294;561;381;527;477;359;
241;240;260;240;505;432;473;238;238;238;330;308;297;282;295;574;375;523;477;358;
250;240;262;238;516;481;479;236;240;239;320;303;300;282;298;561;375;523;477;363;
243;246;256;244;503;440;473;247;241;245;320;303;297;283;292;561;377;516;486;360;
242;250;249;242;502;433;483;248;240;244;320;305;299;281;292;563;373;512;479;365;
240;242;251;244;508;422;475;234;240;239;321;303;294;282;298;560;381;516;481;358;
240;243;257;241;501;439;475;235;245;240;318;301;296;287;306;573;375;514;480;359;
240;243;257;329;506;424;477;246;241;242;352;311;292;284;294;567;375;519;483;359;
239;242;253;377;509;430;474;245;243;241;328;304;297;282;295;566;378;520;478;380;
240;242;257;372;499;425;476;236;239;239;320;301;304;283;301;566;377;517;478;363;
249;248;255;327;507;425;480;235;239;238;321;304;299;294;294;564;378;533;481;363;
240;248;246;244;503;428;476;243;238;238;324;306;298;286;366;573;391;535;480;366;
239;243;253;249;501;426;477;237;238;240;322;300;298;302;296;570;374;526;487;361;
238;249;253;247;502;424;476;238;241;239;330;299;293;283;291;581;374;545;480;361;
241;242;255;251;506;427;478;238;239;240;333;318;293;284;292;571;375;512;479;359;
240;242;244;244;502;434;472;242;239;237;324;305;315;282;292;576;375;540;476;360;
236;252;241;244;504;428;482;236;237;240;320;302;292;284;304;567;374;541;503;363;
238;244;242;243;497;422;483;238;239;239;319;303;295;283;293;571;376;514;496;360;
237;240;237;257;507;424;475;237;244;239;319;305;294;282;296;585;374;518;480;366;
;;;;;;;;;;;;;;;;;;;;
blue.png;child-1.png;female-1.png;female-2.png;female-3.png;female-4.jpg;female-5.jpg;male-1.png;male-2.png;male-3.png;male-4.jpg;male-5.jpg;male-6.jpg;male-7.jpg;rock-1.jpg;rock-2.jpg;sky-1.jpg;sky-2.jpg;tree-1.png;tree-2.jpg;
399;408;574;377;781;563;648;333;396;289;423;358;511;470;456;905;605;643;725;605;Max
243.135;246.31;254.721;243.36;507.021;425.711;478.428;239.416;238.688;239.571;322.409;303.765;297.219;284.579;297.476;568.681;378.756;523.603;484.925;365.254;Gemiddelde
223;226;225;228;474;397;447;223;225;225;302;286;277;269;277;528;359;488;454;340;Min
;;;;;;;;;;;;;;;;;;;;
13,10102191;14,74875927;29,75585924;12,21058557;18,51346966;9,675199171;11,64271515;5,790418292;6,183902975;3,93763368;8,339407593;4,622312733;17,73569956;8,713653597;10,78236635;15,53509701;16,64609456;14,86127151;12,37834298;17,19294867;Stdev.p
